name,type,direction,description
consensus_score,float,high,Tanh-transformed quality-weighted consensus probability across the 8 sub-models. Recommended threshold: 0.602.
chembl_single_point_0,float,high,Probability from sub-model trained on ChEMBL single-point low-data catch-all pool of 21 assays (135 compounds). Recommended threshold: 0.481.
chembl_dose_response_0,float,high,Probability from sub-model trained on ChEMBL dose-response signal-based pool of 165 assays (1596 compounds). Recommended threshold: 0.693.
chembl_dose_response_1,float,high,Probability from sub-model trained on ChEMBL dose-response signal-based pool of 57 assays (911 compounds). Recommended threshold: 0.553.
chembl_dose_response_2,float,high,Probability from sub-model trained on ChEMBL dose-response signal-based pool of 69 assays (883 compounds). Recommended threshold: 0.524.
chembl_dose_response_3,float,high,Probability from sub-model trained on ChEMBL dose-response signal-based pool of 56 assays (677 compounds). Recommended threshold: 0.596.
chembl_dose_response_4,float,high,Probability from sub-model trained on ChEMBL dose-response signal-based pool of 61 assays (672 compounds). Recommended threshold: 0.482.
chembl_dose_response_5,float,high,Probability from sub-model trained on ChEMBL dose-response signal-based pool of 43 assays (644 compounds; incl. 117 added negatives). Recommended threshold: 0.513.
chembl_dose_response_6,float,high,Probability from sub-model trained on ChEMBL dose-response signal-based pool of 29 assays (510 compounds; incl. 19 added negatives). Recommended threshold: 0.501.
